device,mode,batch_size,repeat,iters,seconds,ms_per_step,images_per_s,peak_mem_MiB
cpu,compute,1,0,10,0.4725901999991038,47.25901999991038,21.159981734743894,
cpu,compute,1,1,10,0.5191797999978007,51.91797999978007,19.261149990894022,
cpu,compute,1,2,10,0.42116299999906914,42.116299999906914,23.743776162725837,
cpu,compute,1,3,10,0.48155770000084885,48.155770000084885,20.76594352033489,
cpu,compute,1,4,10,0.4264218999996956,42.64218999996956,23.45095315228214,
cpu,compute,16,0,10,2.5677298000009614,256.77298000009614,62.31185228287653,
cpu,compute,16,1,10,2.6627606000001833,266.27606000001833,60.08801542278678,
cpu,compute,16,2,10,2.8598085999983596,285.98085999983596,55.947800143020686,
cpu,compute,16,3,10,2.3430904999986524,234.30904999986524,68.2858814032544,
cpu,compute,16,4,10,2.2450427999974636,224.50427999974636,71.26812905312129,
cpu,compute,64,0,10,9.29129119999925,929.129119999925,68.88170720556596,
cpu,compute,64,1,10,9.226641299999756,922.6641299999756,69.36435255156358,
cpu,compute,64,2,10,9.37274830000024,937.2748300000239,68.2830669847374,
cpu,compute,64,3,10,9.823495500000718,982.3495500000718,65.14992550258238,
cpu,compute,64,4,10,9.172320199999376,917.2320199999376,69.7751480590531,
cpu,compute,256,0,10,38.93497070000012,3893.497070000012,65.75065947076703,
cpu,compute,256,1,10,41.32372849999956,4132.372849999956,61.94987947421122,
cpu,compute,256,2,10,44.72288710000066,4472.288710000066,57.241385026772164,
cpu,compute,256,3,10,39.02373479999733,3902.373479999733,65.60110181971038,
cpu,compute,256,4,10,44.826988599998,4482.6988599998,57.108453633669114,
